cuadro,autor,year,description,option_a,option_b,option_c,image
Las tres gracias,Peter Paul Rubens,1635,Las tres gracias de Peter Paul Rubens pintada en 1635 es una obra maestra que representa a tres figuras femeninas simbolizando la belleza la gracia y la alegría. Rubens logra una composición armoniosa y dinámica destacando la elegancia y la sensualidad de las figuras mitológicas. La paleta de colores rica y los detalles exquisitos reflejan la maestría técnica y artística de Rubens. Las tres gracias es una expresión sublime del talento del pintor flamenco.,Peter Paul Rubens,Leonardo da Vinci,Rembrandt,imagen_las_tres_gracias.jpg
La persistencia de la memoria,Salvador Dalí,1931,'La Persistencia de la Memoria' de Salvador Dalí conocida como 'Los relojes blandos' es una obra maestra surrealista que desafía la percepción del tiempo y la realidad. Pintada en 1931; presenta relojes derretidos en un paisaje onírico. Dalí utiliza el simbolismo del tiempo fluido para explorar la relatividad temporal y la fugacidad de la existencia humana. Los relojes en un estado de deformación blanda sugieren la maleabilidad de nuestra percepción del tiempo. Esta obra es un viaje visual al mundo surrealista de Dalí donde la realidad se desdibuja',Salvador Dalí,Pablo Picasso,René Magritte,images/la_persistencia_de_la_memoria.jpg
Guernica,Pablo Picasso,1937,'Guernica' de Pablo Picasso creada en 1937 es una impactante representación artística de la brutalidad de la Guerra Civil Española. La obra es un llamado a la paz y un testimonio del sufrimiento de los civiles durante el conflicto. Con figuras distorsionadas y colores intensos Picasso captura la angustia y el caos de la guerra. El toro el caballo y las figuras humanas representan el sufrimiento y la resistencia. Cada elemento de la pintura lleva consigo un simbolismo profundo convirtiendo a 'Guernica' en una obra maestra del arte moderno que trasciende el tiempo y sigue resonando con su poderoso mensaje.',Pablo Picasso,Frida Kahlo,Vincent van Gogh,images/guernica.jpeg
Noche estrellada sobre el Ródano,Vincent van Gogh,1888,'Noche estrellada sobre el Ródano' de Vincent van Gogh pintada en 1888 es una obra maestra impresionista que captura la majestuosidad del cielo nocturno. Van Gogh emplea pinceladas vibrantes y giros expresivos para representar la noche estrellada reflejada en las aguas del río Ródano. La combinación de colores intensos y la textura dinámica crea una atmósfera mágica y emocional. Esta pintura es un testimonio del genio artístico de Van Gogh y su capacidad para transmitir la conexión entre la naturaleza y la emoción humana',Vincent van Gogh,Edgar Degas,Sandro Botticelli,images/noche_estrellada_sobre_el_rodano.jpeg
La joven de la perla,Jan Vermeer van Delft,1665,'La joven de la perla' de Jan Vermeer van Delft creada en 1665 es un retrato enigmático que cautiva con su belleza serena. La mujer con un turbante y una perla iluminada por una luz suave es el foco de la obra. Vermeer logra una representación magistral de la luz y la sombra creando una atmósfera íntima y misteriosa. La mirada penetrante de la joven y los detalles meticulosos del turbante y la perla revelan la habilidad técnica de Vermeer. Esta pintura es un tesoro del arte barroco holandés que invita a los espectadores a contemplar la elegancia en la simplicidad ',Jan Vermeer van Delft,Rembrandt Harmenszoon van Rijn,Claude Monet,images/la_joven_de_la_perla.jpeg
El nacimiento de Venus,Sandro Botticelli,1484-1486,'El nacimiento de Venus' de Sandro Botticelli creada entre 1484 y 1486 es una obra maestra del Renacimiento italiano. La pintura representa el nacimiento de la diosa Venus en una concha marina rodeada por figuras mitológicas. Botticelli logra una armonía única entre la belleza idealizada y el simbolismo clásico. Los detalles delicados la gracia de las figuras y la composición elegante hacen de esta obra un hito en la historia del arte. 'El nacimiento de Venus' es un testamento del genio artístico de Botticelli y su capacidad para capturar la esencia de la mitología y la belleza.',Sandro Botticelli,Raphael Sanzio,Claude Monet,images/nacimiento_de_venus.jpeg
La última cena,Leonardo da Vinci,1495-1498,'La última cena' de Leonardo da Vinci pintada entre 1495 y 1498 es una representación icónica de Jesús y sus apóstoles durante la última cena antes de la crucifixión. Da Vinci logra una composición magistral capturando la intensidad del momento. La disposición de las figuras las expresiones faciales y el uso magistral de la perspectiva contribuyen a la solemnidad de la escena. La pintura es un hito del Renacimiento italiano y una obra maestra que continúa cautivando a los espectadores por su profundidad emocional y técnica excepcional',Leonardo da Vinci,Michelangelo Buonarroti,Gustav Klimt,images/la_ultima_cena.jpeg
La Gioconda (Mona Lisa),Leonardo da Vinci,1503-1506,'La Gioconda' o 'Mona Lisa' de Leonardo da Vinci creada entre 1503 y 1506 es una obra maestra del Renacimiento que ha fascinado al mundo durante siglos. El retrato de una mujer con una sonrisa enigmática y un fondo misterioso ha generado innumerables interpretaciones y teorías. Da Vinci utiliza sfumato para suavizar las transiciones entre colores y lograr una atmósfera etérea. La 'Mona Lisa' es un icono cultural que refleja la genialidad de Da Vinci y su capacidad para crear una obra atemporal y enigmática,Leonardo da Vinci,Caravaggio,Diego Rivera,images/la_gioconda.jpeg
El jardín de las delicias,El Bosco,1490-1510,'El jardín de las delicias' de El Bosco creado entre 1490 y 1510 es un tríptico surrealista que representa el Edénla vida terrenal y el Infierno. Las tres secciones ofrecen un viaje visual a través de la imaginación del artista llena de simbolismo y detalles extravagantes. El Bosco explora la dualidad humana el placer y la tentación. Cada panel revela capas de significado desde la creación hasta la caída de la humanidad. Esta obra maestra es un festín para la imaginación y una ventana a la mente única de El Bosco,El Bosco,Albrecht Dürer,Jan van Eyck,images/el_jardin_de_las_delicias.jpeg
La creación de Adán,Miguel Ángel,1508-1512,'La creación de Adán' de Miguel Ángel parte de la Capilla Sixtina es una representación trascendental del momento en que Dios da vida a Adán. Pintada entre 1508 y 1512 la obra captura la conexión divina y humana con una composición celestial. La tensión visual entre las manos de Dios y Adán crea una dinámica única. Miguel Ángel utiliza el cuerpo humano como una expresión de la divinidad. 'La creación de Adán' es una cumbre del Renacimiento que destaca la habilidad técnica y la visión artística del genio italiano',Miguel Ángel,Raphael Sanzio,Leonardo da Vinci,images/la_creacion_de_adan.jpeg
La lección de anatomía del Dr. Nicolaes Tulp,Rembrandt Harmenszoon van Rijn,1632,'La lección de anatomía del Dr. Nicolaes Tulp' de Rembrandt pintada en 1632 es una obra maestra que representa una disección anatómica realizada por el Dr. Tulp. La pintura destaca por su realismo detallado y su capacidad para capturar la atmósfera del momento. Rembrandt utiliza la luz de manera magistral para resaltar las figuras y logra una representación vívida de la escena. 'La lección de anatomía' es un ejemplo impresionante del dominio técnico y narrativo de Rembrandt en la pintura',Rembrandt Harmenszoon van Rijn,Jan Vermeer van Delft,Johannes Vermeer,images/la_leccion_de_anatomia_del_dr_nicolaes_tulp.jpeg
Los amantes,René Magritte,1928-1929,'Los amantes' de René Magritte creado entre 1928 y 1929 es una obra surrealista que representa a dos amantes besándose con los rostros cubiertos por telas. Magritte juega con la realidad y la ilusión desafiando las expectativas del espectador. La representación de la intimidad a través de la ocultación crea una sensación de misterio y romanticismo. Magritte conocido por su enfoque surrealista y provocador invita a la reflexión sobre la naturaleza del amor y la conexión humana.',René Magritte,Salvador Dalí,Pablo Picasso,images/los_amantes.jpeg
Los girasoles,Vincent van Gogh,1888,'Los girasoles' de Vincent van Gogh pintados en 1888 es una serie de cuadros que representan girasoles en distintos estados de floración. Van Gogh utiliza pinceladas audaces y colores vibrantes para capturar la belleza efímera de la naturaleza. Cada cuadro es una celebración de la vitalidad y la luminosidad de los girasoles. Van Gogh infunde a la serie un sentido de energía y emoción revelando su profunda conexión con la naturaleza y su habilidad para expresar la belleza a través del arte.',Vincent van Gogh,Claude Monet,Pablo Picasso,images/los_girasoles.jpeg
La danza,Henri Matisse,1910,'La danza' de Henri Matisse creada en 1910 es una representación colorida y expresiva de figuras danzantes que refleja la energía y la vitalidad. Matisse utiliza colores vibrantes y formas simples para transmitir una sensación de alegría. La composición dinámica y el movimiento fluido de las figuras capturan la esencia misma de la danza. Esta obra maestra del fauvismo es un testimonio del enfoque innovador y la pasión de Matisse por explorar la relación entre el color y la emoción.",Henri Matisse,Peter Paul Rubens,John Constable,images/la_danza.jpeg
La Temeraire combatiente,J.M.W. Turner,1839,'La Temeraire combatiente' es un paisaje marino que muestra un barco de guerra victorioso simbolizando la gloria y la valentía. Turner crea una obra impactante con una paleta de colores impresionante. La composición dramática y la representación majestuosa del barco reflejan la maestría técnica y artística de Turner. Esta pintura evoca una sensación de triunfo y heroísmo encapsulando el poder de la naturaleza y la grandeza de la era naval.",J.M.W. Turner,John Constable,Claude Monet,images/la_temeraire_combatiente.jpeg
El carro de heno,John Constable,1821,'El carro de heno' es una pintura paisajística que destaca un paisaje rural con un carro de heno capturando la serenidad del campo. Constable logra una representación naturalista y detallada. La obra refleja la conexión del artista con la naturaleza capturando la luz y la atmósfera con habilidad magistral. 'El carro de heno' es un tributo a la belleza simple de la vida rural y un ejemplo destacado del paisajismo británico del siglo XIX.",John Constable,J.M.W. Turner,Claude Monet,images/la_carreta_de_heno.jpeg
Los nenúfares,Claude Monet,1919,'Los nenúfares' es una serie de pinturas que representan nenúfares en diferentes momentos y condiciones de luz. Monet crea una experiencia visual inmersiva con su uso distintivo de la luz y el color. Cada pincelada refleja la fascinación del artista por la naturaleza y su habilidad para capturar la atmósfera única de su jardín en Giverny. 'Los nenúfares' son un testimonio del enfoque innovador de Monet y su contribución duradera al impresionismo.",Claude Monet,John Constable,Peter Paul Rubens,images/los_nenufares.jpeg
El autorretrato con sombrero de paja,Frida Kahlo,1941,'El autorretrato con sombrero de paja' es una representación auténtica y emotiva de la artista mexicana Frida Kahlo con un sombrero de paja. Kahlo se retrata a sí misma con intensidad y autenticidad. La obra refleja la vida y el sufrimiento de Kahlo; así como su identidad cultural. Este autorretrato es un testimonio del impacto duradero de Kahlo en el arte y su habilidad para comunicar su experiencia personal de una manera única.",Frida Kahlo,René Magritte,Pablo Picasso,images/el_autorretrato_con_sombrero_de_baja.jpeg
El hombre del sombrero de paja,René Magritte,1964,'El hombre del sombrero de paja' es una obra surrealista que presenta a un hombre con el rostro oculto por un sombrero de paja. Magritte juega con la realidad y la ilusión en esta pintura enigmática. El sombrero de paja; elemento central de la obra; simboliza la ocultación y la introspección. Magritte desafía las expectativas del espectador y explora la naturaleza de la representación artística.",René Magritte,Pablo Picasso,Frida Kahlo,images/el_hombre_del_sombrero_de_paja.jpeg
El jugador de guitarra,Pablo Picasso,1910,'El jugador de guitarra' es una obra cubista que representa a un hombre tocando la guitarra con formas geométricas distintivas. Picasso desafía las convenciones artísticas tradicionales con su enfoque innovador. La fragmentación de la figura y la instrumentación crea una sensación de dinamismo y exploración. 'El jugador de guitarra' es un ejemplo destacado del período cubista de Picasso y su capacidad para reinterpretar la realidad a través del arte.",Pablo Picasso,Frida Kahlo,René Magritte,images/el_viejo_de_la_guitarra.jpeg
La mujer llorando,Pablo Picasso,1937,'La mujer llorando' es una obra expresionista que muestra el dolor y la tristeza de una mujer reflejando emociones intensas. Picasso utiliza formas distorsionadas para expresar la angustia. La paleta de colores sombríos y las líneas expresivas refuerzan el impacto emocional de la obra. 'La mujer llorando' es una exploración profunda de la condición humana y una expresión conmovedora del sufrimiento.",Pablo Picasso,Frida Kahlo,René Magritte,images/la_mujer_llorando.jpeg
El jinete azul,Wassily Kandinsky,1903,'El jinete azul' es una obra abstracta que representa a un jinete y su caballo en tonos azules vibrantes. Kandinsky explora la abstracción y la expresión emocional en esta pintura. La combinación de formas geométricas y colores intensos crea una experiencia visual única. 'El jinete azul' es una manifestación de las ideas innovadoras de Kandinsky sobre la conexión entre el color y las emociones.",Wassily Kandinsky,Kazimir Malevich,Peter Paul Rubens,images/el_jinete_azul.jpg
El cuadrado negro,Kazimir Malevich,1915,'El cuadrado negro' es una pintura suprematista que simboliza la reducción del arte a sus elementos básicos. Malevich desafía las convenciones artísticas con su enfoque minimalista y conceptual. La obra representa un cambio radical en la percepción del arte destacando la importancia de la forma y el color puros. 'El cuadrado negro' es un hito en la historia del arte abstracto y un reflejo de la vanguardia rusa.",Kazimir Malevich,Peter Paul Rubens,Wassily Kandinsky,images/el_cuadrado_negro.jpeg
La gran ola de Kanagawa,Katsushika Hokusai,1831,'La gran ola de Kanagawa' es una impresionante representación de una ola gigante en el Monte Fuji. Hokusai logra una síntesis magistral de la naturaleza y la mitología japonesa. La ola amenazante y el monte icónico capturan la majestuosidad y la fuerza de la naturaleza. 'La gran ola' es un ícono del arte ukiyo-e japonés que ha influido en la estética global.",Katsushika Hokusai,Edvard Munch,Peter Paul Rubens,images/la_gran_ola.jpeg
El sueño,Pablo Picasso,1932,'El sueño' es una obra surrealista que explora el mundo de los sueños y la imaginación. Picasso utiliza formas oníricas y colores vibrantes para crear una representación visual única. La obra invita a los espectadores a sumergirse en el reino de lo subconsciente donde las formas y los objetos adquieren nuevos significados. 'El sueño' es un ejemplo de la capacidad de Picasso para desafiar la realidad y explorar los límites de la creatividad artística.",Pablo Picasso,Salvador Dalí,Katsushika Hokusai,images/el_sueno.jpeg
Las dos Fridas,Frida Kahlo,1939,'Las dos Fridas' es un autorretrato que representa dos versiones de Frida Kahlo simbolizando su dualidad. Kahlo explora su identidad y su conexión con sus raíces mexicanas en esta obra emotiva. La representación de dos Fridas con corazones entrelazados destaca la dualidad cultural y emocional de la artista. 'Las dos Fridas' es una expresión poderosa de la autenticidad y la complejidad humana.",Frida Kahlo,René Magritte,Pablo Picasso,images/las_dos_fridas.jpeg
La Tempestad,Giorgione,1508,La Tempestad es una obra maestra del Renacimiento italiano creada por el artista Giorgione en 1508. Esta pintura enigmática ha desconcertado a los historiadores del arte durante siglos debido a su naturaleza intrigante y la falta de documentación que explique su significado preciso. La escena principal muestra un paisaje natural inmerso en una tormenta con un rayo que ilumina la escena. Sin embargo lo que hace que esta obra sea verdaderamente única es la presencia de dos figuras centrales: un hombre parado a la izquierda y una mujer amamantando a un bebé a la derecha.",Giorgione,Leonardo da Vinci,Sandro Botticelli,images/la_tempestad.jpeg
La dama del armiño,Leonardo da Vinci,1488-1490,"La dama del armiño" es un retrato excepcional pintado por Leonardo da Vinci entre 1488 y 1490. En esta obra Cecilia Gallerani sostiene un armiño simbolizando pureza y gracia. Da Vinci logra capturar la elegancia y la serenidad de la modelo destacando su habilidad técnica y su capacidad para plasmar la personalidad en cada detalle,Leonardo da Vinci,Raphael Sanzio,Sandro Botticelli,images/la_dama_del_armiño.jpeg
El cuadro de las lanzas o La rendición de Breda,Diego Velázquez,1634-1635,"El cuadro de las lanzas" o "La rendición de Breda" es un retrato dinámico que Diego Velázquez pintó entre 1634 y 1635 durante la Guerra de los Treinta Años. En esta obra maestra Velázquez logra capturar la intensidad de la batalla mostrando la rendición de la ciudad de Breda. La pintura destaca la habilidad del artista para representar la acción y la emoción en un contexto histórico.,Diego Velázquez,Francisco Goya,Peter Paul Rubens,images/el_cuadro_de_las_lanza.jpeg
El matrimonio Arnolfini,Jan van Eyck,1434,"El matrimonio Arnolfini" es una obra maestra del arte flamenco creada por Jan van Eyck en 1434. Este retrato simboliza la boda de Giovanni Arnolfini y su esposa. Van Eyck logra capturar detalles exquisitos reflejando la opulencia de la época y la riqueza de los Arnolfini. La obra es conocida por su realismo detallado y su representación simbólica de la unión matrimonial.,Jan van Eyck,Leonardo da Vinci,Raphael Sanzio,images/el_matrimonio_arnolfini.jpeg
El entierro del conde de Orgaz,El Greco,1586-1588,"El entierro del conde de Orgaz" es una obra maestra de El Greco pintada entre 1586 y 1588. Este cuadro representa la leyenda del entierro milagroso del conde de Orgaz. La pintura destaca por sus colores vibrantes y la representación dramática de lo divino y lo terrenal. El Greco utiliza su estilo único para transmitir una escena celestial y terrenal simultáneamente.,El Greco,Diego Velázquez,Peter Paul Rubens,images/el_entierro_del_conde_de_orgaz.jpeg
La escuela de Atenas,Rafael Sanzio,1509-1511,"La escuela de Atenas" es un fresco renacentista creado por Rafael Sanzio entre 1509 y 1511. La obra representa filósofos matemáticos y científicos clásicos en Atenas. Rafael logra capturar la armonía y la sabiduría en esta obra destacando la importancia del conocimiento y la filosofía en el Renacimiento.,Rafael Sanzio,Leonardo da Vinci,Sandro Botticelli,images/la_escuela_de_atenas.jpeg
El entierro en Ornans,Gustave Courbet,1849-1850,"El entierro en Ornans" es una obra clave del realismo pintada por Gustave Courbet en 1849-1850. La pintura desafía las convenciones al representar un entierro común. Courbet rompe con la idealización artística mostrando la realidad de la vida cotidiana y la diversidad de la sociedad.,Gustave Courbet,Edouard Manet,Claude Monet,images/el_entierro_en_ornans.jpeg
Las señoritas de Avignon,Pablo Picasso,1907,"Las señoritas de Avignon" es una pintura cubista de Pablo Picasso creada en 1907. Esta obra marca el inicio de un nuevo estilo artístico el cubismo que revolucionó la forma en que se representaba la realidad. Picasso rompe con las convenciones artísticas tradicionales presentando figuras geométricas y rostros estilizados que reflejan una transformación en el arte moderno.,Pablo Picasso,Frida Kahlo,René Magritte,images/las_senoritas_de_avignon.jpeg
Desayuno en la hierba,Edouard Manet,1863,"Desayuno en la hierba" es una obra que desafía las normas artísticas contemporáneas creada por Edouard Manet en 1863. La pintura presenta una escena de picnic con desnudos desafiando las convenciones de la época. Manet juega con la composición y la iluminación creando una obra que provoca reflexión y debate sobre la representación de la realidad.,Edouard Manet,Claude Monet,Gustave Courbet,images/desayuno_en_la_hierba.jpeg
Retrato de Adele Bloch-Bauer I,Gustav Klimt,1907,"Retrato de Adele Bloch-Bauer I" es un retrato simbólico creado por Gustav Klimt en 1907. La obra refleja la opulencia y la influencia del simbolismo y el modernismo en la Viena de principios del siglo XX. Klimt utiliza detalles ornamentados y patrones dorados creando una representación única y lujosa de Adele Bloch-Bauer.,Gustav Klimt,Pablo Picasso,Claude Monet,images/retrato_de_adele_bloch-bauer_i.jpeg
El jardín de Monet en Giverny,Claude Monet,1900,"El jardín de Monet en Giverny" es una representación impresionista del pintor Monet capturando la belleza de su propio jardín. Pintada en 1900 la obra refleja la maestría de Monet al plasmar la luz y el color de manera única. Los vibrantes tonos florales y la atmósfera serena hacen de esta pintura una expresión notable del impresionismo.,Claude Monet,Edouard Manet,Peter Paul Rubens,images/el_jardin_de_monet_en_giverny.jpeg
La carga de los mamelucos,Francisco de Goya,1814,"La carga de los mamelucos" es una obra maestra del pintor español Francisco de Goya creada en 1814. Este cuadro monumental forma parte de la serie de grabados conocida como Los Desastres de la Guerra donde Goya plasmó las atrocidades vividas durante la Guerra de la Independencia Española y la ocupación napoleónica. En esta particular pintura Goya representa un momento dramático de la guerra mostrando la brutalidad y la violencia de la lucha. La escena retrata el enfrentamiento entre las fuerzas napoleónicas y los mamelucos soldados del ejército español. El caos y la ferocidad de la carga quedan reflejados en las expresiones de los combatientes y en la disposición caótica de los cuerpos y los caballos. Curiosamente el cuadro destaca por su composición dinámica y la intensidad de sus contrastes. Goya utiliza la técnica del claroscuro para resaltar la tensión dramática y acentuar los rostros angustiados de los personajes. Aunque la obra transmite un fuerte mensaje antibélico la interpretación de sus detalles y simbolismos sigue siendo objeto de debate entre los historiadores del arte.,Francisco de Goya,Diego Velázquez,Peter Paul Rubens,images/la_carga_de_los_mamelucos.jpeg
Los fusilamientos del 3 de mayo en Madrid,Francisco de Goya,1814,Pintura magistral de Francisco de Goya en 1814.Inmortaliza el dramático suceso durante la Guerra de Independencia Española. En este impactante lienzo Goya captura la brutalidad de la ocupación francesa presentando a víctimas desarmadas frente a un pelotón de fusilamiento. La luz intensa destaca sus rostros expresando desesperación y resignación.Detalles notables incluyen la diversidad emocional de los personajes: desde el miedo en los ojos de los condenados hasta la frialdad de los soldados franceses. La composición con los prisioneros en primer plano y los soldados en la sombra acentúa la tensión entre opresores y oprimidos.Una curiosidad intrigante es la ausencia de heroísmo convencional. Goya desafía la glorificación de la guerra al retratar el sufrimiento humano sin adornos. También la figura central con los brazos abiertos en una evocación cruciforme sugiere simbolismo religioso y sacrificio,Francisco de Goya,Diego Velázquez,Peter Paul Rubens,images/los_fusilamientos_del_3_de_mayo.jpeg
El matrimonio de la Virgen,Rafael Sanzio,1504,"El matrimonio de la Virgen" es una obra maestra creada por el destacado artista del Renacimiento Rafael Sanzio en 1504. Este cuadro representa la ceremonia del matrimonio entre María y José; un tema religioso clásico que ha sido abordado por varios artistas a lo largo de la historia. Rafael Sanzio logra capturar la solemnidad y la importancia espiritual de este momento sagrado con su habilidad artística única. La composición está cuidadosamente elaborada destacando la devoción y la serenidad de los personajes principales. La elección de colores los detalles exquisitos y la expresión facial de los protagonistas contribuyen a la emotividad de la escena. "El matrimonio de la Virgen" es una representación conmovedora y atemporal de un evento significativo en la tradición cristiana,Rafael Sanzio,Leonardo da Vinci,Sandro Botticelli,images/el_matrimonio_de_la_virgen.jpeg
El rapto de Europa,Tiziano,1559-1562,Una obra maestra de Tiziano que representa el mito clásico del rapto de Europa por Zeus convertido en toro. La pintura captura la sensualidad y la majestuosidad de la escena mitológica destacando la habilidad técnica y narrativa de Tiziano, Tiziano,Leonardo da Vinci,Sandro Botticelli,images/el_rapto_de_europa.jpg
La maja desnuda,Francisco de Goya,1797-1800,Una obra icónica que representa una mujer desnuda de forma provocativa. Francisco de Goya desafía las convenciones artísticas de su tiempo al retratar la desnudez con una mirada directa y provocadora. La maja desnuda es un hito en la historia del arte que refleja la audacia y la innovación de Goya, Francisco de Goya,Diego Velázquez,Peter Paul Rubens,images/la_maja_desnuda.jpg
La balsa de la Medusa,Théodore Géricault,1819,Una pintura que narra el trágico naufragio de la fragata Medusa en 1816. Théodore Géricault aborda el drama humano y la desesperación a través de la representación realista de los supervivientes. La obra es un testimonio impactante de la lucha por la supervivencia en medio de la tragedia, Théodore Géricault,Eugène Delacroix,Gustave Courbet,images/la_balsa_de_la_medusa.jpeg
La libertad guiando al pueblo,Eugène Delacroix,1830,Un símbolo de la Revolución Francesa que representa la libertad personificada guiando al pueblo hacia la libertad. Eugène Delacroix utiliza un enfoque heroico y simbólico para expresar el espíritu revolucionario y la lucha por la libertad. La obra es un homenaje a los ideales de la democracia y la resistencia, Eugène Delacroix,Théodore Géricault,Gustave Courbet,images/la_libertad_guiando_al_pueblo.jpg
El sueño,Francisco de Goya,1797-1803,Una obra intrigante que presenta a una mujer dormida y figuras misteriosas en un entorno onírico. Francisco de Goya explora el subconsciente y lo surrealista en esta pintura enigmática. El sueño es una ventana a la imaginación y la complejidad psicológica, Francisco de Goya,Diego Velázquez,Peter Paul Rubens,images/el_sueno_goya.jpeg
El imperio de la luz,Gustave Courbet,1853,Una obra que captura la majestuosidad de la naturaleza y la luminosidad del paisaje. Gustave Courbet utiliza pinceladas hábiles para plasmar la luz en diferentes momentos del día. El imperio de la luz refleja la admiración de Courbet por la naturaleza y su habilidad para transmitir la atmósfera única de cada escena, Gustave Courbet,Edouard Manet,Claude Monet,images/el_imperio_de_la_luz.jpg
El beso,Gustav Klimt,1907-1908,Una obra maestra de Gustav Klimt que representa el amor y la conexión espiritual entre dos amantes. El beso es un ejemplo destacado del estilo Art Nouveau de Klimt caracterizado por patrones ornamentales y detalles decorativos. La pintura es una celebración de la pasión y la unión artística, Gustav Klimt,Pablo Picasso,Claude Monet,images/el_beso.jpg
El imperio de las luces,Claude Monet,1840-1926,Una representación impresionista de la luz y la atmósfera en un paisaje urbano nocturno. Claude Monet utiliza pinceladas sueltas y colores vibrantes para capturar la magia de la iluminación nocturna. El imperio de las luces es una expresión única de la visión artística de Monet y su habilidad para transmitir la experiencia visual, Claude Monet,Edouard Manet,Peter Paul Rubens,images/el_imperio_de_las_luces.jpg
La cosechadora,Vincent van Gogh,1888,Una obra que destaca la vida rural y la actividad agrícola. Vincent van Gogh utiliza colores cálidos y pinceladas enérgicas para representar la cosecha del trigo. La obra refleja la admiración de van Gogh por la vida sencilla y su conexión con la naturaleza, Vincent van Gogh,Claude Monet,Pablo Picasso,images/la_cosechadora.jpg
El grito de la naturaleza,Edvard Munch,1893,Una expresión angustiosa que representa la ansiedad humana en medio de un paisaje surreal. Edvard Munch utiliza colores intensos y formas distorsionadas para transmitir la desesperación y la angustia. El grito de la naturaleza es una obra icónica del simbolismo y la introspección emocional,Edvard Munch,Claude Monet,Sandro Botticelli,images/el_grito.jpg
El cuarto estado,Gustave Courbet,1848,Una pintura que representa a los trabajadores y revolucionarios durante las revueltas de 1848 en Francia. Courbet captura la lucha por los derechos y la igualdad social destacando la importancia política del momento. Gustave Courbet,Eugène Delacroix,Francisco Goya,images/el_cuarto_estado.jpeg
La Venus de Milo,escultor desconocido,Siglo I a.C.,Una escultura clásica de la diosa Venus que ha perdido sus brazos pero conserva su elegancia y belleza. La Venus de Milo es una representación icónica de la estética escultórica griega y sigue siendo una obra maestra admirada en la actualidad, Escultor desconocido,Miguel Ángel,Leonardo da Vinci,images/la_venus_de_milo.jpeg
La Piedad,Miguel Ángel,1499-1500,Una obra maestra del Renacimiento que representa a la Virgen María sosteniendo el cuerpo de Cristo después de la crucifixión. La escultura exhibe la habilidad única de Miguel Ángel para capturar la expresión de duelo y compasión en mármol, Miguel Ángel,Leonardo da Vinci,Raphael Sanzio,images/la_piedad.jpeg
El David,Miguel Ángel,1501-1504,Una escultura monumental que representa al héroe bíblico David antes de enfrentarse al gigante Goliat. La obra destaca por su perfección anatómica y su representación idealizada de la forma humana, Miguel Ángel,Leonardo da Vinci,Raphael Sanzio,images/el_david.jpeg
La muerte de Marat,Jacques-Louis David,1793,Una pintura histórica que representa el asesinato del líder revolucionario francés Jean-Paul Marat durante la Revolución Francesa. David utiliza un enfoque realista para transmitir la tragedia y la importancia política del event, Jacques-Louis David,Francisco Goya,Eugène Delacroix,images/la_muerte_de_marat.jpeg
Los lirios de Van Gogh,Vincent van Gogh,1889,Una serie de pinturas que representan lirios en diferentes estados de floración. Van Gogh utiliza colores vibrantes y pinceladas expresivas para capturar la belleza efímera de la naturaleza, Vincent van Gogh,Claude Monet,Pablo Picasso,images/los_lirios.jpeg
Terraza de café por la noche,Vincent van Gogh,1888,Una pintura nocturna que representa una terraza de café iluminada por farolas. Van Gogh utiliza colores intensos y pinceladas distintivas para transmitir la atmósfera única de la escena, Vincent van Gogh,Claude Monet,Pablo Picasso,images/terraza_de_cafe_por_la_noche.jpeg
Los comedores de patatas,Vincent van Gogh,1885,Una obra temprana que retrata a campesinos sentados alrededor de una mesa comiendo patatas. Van Gogh muestra su interés por representar la vida rural y la condición humana, Vincent van Gogh,Claude Monet,Pablo Picasso,images/los_comedores_de_patatas.jpeg
Autorretrato,Vincent van Gogh,1889,Un autorretrato que refleja la intensidad emocional y la introspección del artista. Van Gogh utiliza colores vibrantes y pinceladas expresivas para transmitir su propia personalidad, Vincent van Gogh,Claude Monet,Pablo Picasso,images/autorretrato.jpeg
La casa amarilla,Vincent van Gogh,1888,Una pintura que representa la casa amarilla en Arlés donde Van Gogh vivió. La obra destaca por el uso distintivo de colores y la representación emocional del entorno, Vincent van Gogh,Claude Monet,Pablo Picasso,images/la_casa_amarilla.jpeg
El retrato del Dr. Gachet,Vincent van Gogh,1890,Un retrato del médico del artista el Dr. Gachet que muestra la habilidad de Van Gogh para capturar la psicología de sus modelos. La obra es conocida por su expresividad y el uso de colores simbólicos, Vincent van Gogh,Claude Monet,Pablo Picasso,images/el_retrato_del_dr_gachet.jpeg
Trigal con cuervos,Vincent van Gogh,1890,Una obra que presenta un campo de trigo con cuervos en vuelo. La pintura es famosa por la interpretación simbólica y se ha especulado sobre su relación con el estado mental de Van Gogh, Vincent van Gogh,Claude Monet,Pablo Picasso,images/trigal_con_cuervos.jpeg
Almendro en flor,Vincent van Gogh,1890,Una pintura que representa un almendro en flor en la propiedad de Van Gogh en Saint-Rémy. La obra destaca por sus colores vibrantes y la representación detallada de la naturaleza, Vincent van Gogh,Claude Monet,Pablo Picasso,images/almendro_en_flor.jpeg
En la puerta de la eternidad,Vincent van Gogh,1890,Una obra que retrata la vista desde la ventana del asilo en Saint-Rémy donde Van Gogh estaba internado. La pintura muestra la intensidad emocional del artista y su conexión con la naturaleza, Vincent van Gogh,Claude Monet,Pablo Picasso,images/en_la_puerta_de_la_eternidad.jpeg
El dormitorio en Arlés,Vincent van Gogh,1888,Una representación de la habitación de Van Gogh en Arlés que refleja su interés en la representación de espacios personales. La obra destaca por sus colores audaces y líneas distintivas, Vincent van Gogh,Claude Monet,Pablo Picasso,images/el_dormitorio_en_arles.jpeg
Trigal verde con ciprés,Vincent van Gogh,1889,Una pintura que presenta un paisaje con un ciprés característico de la región provenzal. Van Gogh utiliza colores vibrantes y pinceladas expresivas para transmitir la vitalidad de la naturaleza, Vincent van Gogh,Claude Monet,Pablo Picasso,images/trigal_verde_con_cipres.jpeg
El viñedo rojo cerca de Arlés,Vincent van Gogh,1888,Una obra que retrata un viñedo en la región de Arlés destacando la influencia del entorno en la obra de Van Gogh. La pintura muestra el uso característico de colores y pinceladas del artista, Vincent van Gogh,Claude Monet,Pablo Picasso,images/el_vinedo_rojo_cerca_de_arles.jpeg
Autorretrato con oreja cortada,Vincent van Gogh,1889,Un autorretrato que captura el momento en el que Van Gogh se cortó la oreja. La obra refleja la turbulencia emocional del artista y su autenticidad en la representación de la propia imagen, Vincent van Gogh,Claude Monet,Pablo Picasso,images/autorretrato_con_oreja_cortada.jpeg
La cosecha,Vincent van Gogh,1888,Una pintura que representa campesinos trabajando en un campo de trigo durante la cosecha. Van Gogh muestra su interés en la vida rural y la conexión con la tierra, Vincent van Gogh,Claude Monet,Pablo Picasso,images/la_cosecha.jpeg
La siesta,Vincent van Gogh,1889,Una obra que presenta a dos campesinos descansando en un campo. Van Gogh utiliza colores cálidos y pinceladas expresivas para transmitir la tranquilidad del momento, Vincent van Gogh,Claude Monet,Pablo Picasso,images/la_siesta.jpeg
Autorretrato con sombrero de fieltro,Vincent van Gogh,1887,Un autorretrato que destaca por el uso distintivo de un sombrero de fieltro. Van Gogh experimenta con la representación de sí mismo y su estilo artístico único, Vincent van Gogh,Claude Monet,Pablo Picasso,images/autorretrato_con_sombrero_de_fieltro.jpeg
La iglesia de Auvers-sur-Oise,Vincent van Gogh,1890,Una pintura que retrata la iglesia en Auvers-sur-Oise un tema recurrente en las obras finales de Van Gogh. La obra muestra su habilidad para representar edificios con una perspectiva única, Vincent van Gogh,Claude Monet,Pablo Picasso,images/la_iglesia_de_auvers_sur_oise.jpeg
Baile en el Moulin de la Galette,Pierre-Auguste Renoir,1876,El "Baile en el Moulin de la Galette" de Renoir es una obra maestra impresionista que inmortaliza la vibrante vida social parisina del siglo XIX. La pintura captura la energía y la alegría de la multitud que disfruta de un animado baile al aire libre en el famoso Moulin de la Galette. Renoir utiliza pinceladas sueltas y colores vivos para transmitir la atmósfera festiva y la espontaneidad de la escena. La obra se convierte en un testimonio visual de la vida social y cultural de la época, destacando la habilidad de Renoir para plasmar la belleza en la vida cotidiana.,Claude Monet,Edouard Manet,images/baile_en_el_moulin_de_la_galette.jpeg
La Grenouillère,Claude Monet,1869,"La Grenouillère" de Monet es una ventana encantadora al mundo de la recreación en el río Sena. La obra capta la atmósfera relajada y lúdica de La Grenouillère un popular centro de entretenimiento flotante. Monet emplea pinceladas sueltas y colores frescos para transmitir la sensación de placer y la conexión con la naturaleza. La escena de bañistas y canoas refleja la fascinación del artista por la vida al aire libre y su habilidad para plasmar la luz y el movimiento,Claude Monet,Pierre-Auguste Renoir,Edouard Manet,images/la_grenouillere.jpeg
Las bañistas,Pierre-Auguste Renoir,1890,"Las bañistas" de Renoir presenta una visión encantadora y sensual de mujeres disfrutando del agua. La obra destaca por su interpretación única de la belleza femenina y la conexión con el entorno acuático. Renoir utiliza tonos suaves y curvas elegantes para resaltar la armonía en la escena. La representación de la frescura y la luminosidad de las figuras femeninas muestra la destreza técnica y la sensibilidad artística del maestro impresionista,Pierre-Auguste Renoir,Claude Monet,Edouard Manet,images/las_banistas.jpeg
La mujer del paraguas,Gustave Caillebotte,1886,"La mujer del paraguas" de Caillebotte captura la modernidad y la elegancia de la vida urbana en el Boulevard Haussmann de París. La obra presenta a una mujer con un paraguas paseando por la calle mojada. Caillebotte utiliza una composición única y colores vibrantes para reflejar la atmósfera de la ciudad bajo la lluvia. La pintura es un ejemplo impresionante del enfoque detallado y realista de Caillebotte hacia la representación de la vida cotidiana,Gustave Caillebotte,Claude Monet,Edouard Manet,images/la_mujer_del_paraguas.jpeg
La gitanilla,Edouard Manet,1862,"La gitanilla" de Manet es un retrato enigmático de una joven gitana con una mirada cautivadora. La obra destaca por la representación realista y la expresión enigmática de la modelo. Manet conocido por desafiar las convenciones presenta a la mujer gitana como un personaje misterioso e individual. La habilidad de Manet para capturar la personalidad y la autenticidad resalta en esta obra,Edouard manet,Claude Monet,Pierre-Auguste Renoir,images/la_gitanilla.jpeg
La bañista con la toalla,Pierre-Auguste Renoir,1876,"La bañista con la toalla" de Renoir presenta a una mujer joven secándose con una toalla después de bañarse. La pintura resalta la frescura y la belleza de la modelo con pinceladas suaves y colores luminosos. Renoir maestro en la representación de la figura femenina utiliza su habilidad técnica para transmitir la atmósfera íntima y serena de la escena,Edouard Manet,Pierre-Auguste Renoir,Jean-Auguste-Dominique Ingres,images/la_banista_con_la_toalla.jpeg
El almuerzo de los remeros,Pierre-Auguste Renoir,1881,"El almuerzo de los remeros" es una obra maestra de Renoir que retrata una escena animada de amigos disfrutando de un almuerzo junto al agua. La pintura destaca por la camaradería y la alegría representadas en la composición. Renoir utiliza pinceladas sueltas y colores vibrantes para transmitir la vitalidad y la belleza de la vida al aire libre. La obra es un testimonio visual de la destreza técnica y la sensibilidad artística del maestro impresionista.,Pierre-Auguste Renoir,Claude Monet,Gustave Caillebotte,images/el_almuerzo_de_los_remeros.jpeg
Desayuno en la hierba,Edouard Manet,1863,"Desayuno en la hierba" de Manet desafía las convenciones artísticas contemporáneas al presentar una escena de picnic en la que una mujer desnuda comparte espacio con hombres completamente vestidos. La pintura provocadora y controversial en su época ahora es reconocida como un hito en la historia del arte moderno. Manet utiliza pinceladas audaces y colores vibrantes para resaltar la modernidad y la ruptura con las normas establecidas. La obra invita a la reflexión sobre la relación entre la tradición y la innovación artística,Edouard Manet,Claude Monet,Gustave Courbet,images/desayuno_en_la_hierba.jpeg
Olympia,Edouard Manet,1863,"Olympia" es un icónico retrato que desafía las convenciones del arte académico y representa a una mujer desnuda recostada en una cama. La modelo sostiene un ramo de flores mientras que una sirvienta presenta un ramo de flores al pie de la cama. La pintura generó controversia en su época debido a su tratamiento audaz y directo del desnudo femenino. Manet conocido por su enfoque vanguardista utiliza una paleta de colores audaces y pinceladas seguras para crear una obra que cuestiona las normas sociales y artísticas,Edouard Manet,Claude Monet,Gustave Courbet,images/olympia.jpeg
El bar de Folies-Bergère,Edouard Manet,1882,El bar de Folies-Bergère" es una obra maestra que captura la atmósfera vibrante de la vida nocturna parisina. La pintura representa a una camarera detrás de un bar repleto de clientes reflejada en un espejo. Manet juega con la percepción y la ilusión visual al presentar elementos intrigantes en la composición. La obra se destaca por la habilidad de Manet para capturar la modernidad y la complejidad de la sociedad urbana.,Edouard Manet,Claude Monet,Gustave Caillebotte,images/el_bar_de_folies_bergere.jpeg
Almuerzo en la hierba,Edouard Manet,1863,"Almuerzo en la hierba" es otra obra provocadora de Manet que representa a una mujer desnuda acompañada por dos hombres vestidos en un entorno campestre. La composición desafiante y la elección del tema causaron controversia en la época pero ahora es apreciada por su innovación y ruptura con las convenciones artísticas. Manet utiliza pinceladas audaces y colores contrastantes para crear una imagen impactante que invita a la reflexión sobre la naturaleza del arte y la representación,Edouard Manet,Claude Monet,Gustave Courbet,images/almuerzo_en_la_hierba.jpeg
Retrato de Émile Zola,Edouard Manet,1868,El retrato de Émile Zola" es un testimonio del talento de Manet para capturar la personalidad y la psicología de sus modelos. Zola el escritor y crítico de arte posa con una mirada penetrante y segura. Manet utiliza pinceladas expresivas y un manejo magistral de la luz para destacar la figura de Zola. La obra demuestra la capacidad de Manet para ir más allá del simple retrato y revelar la complejidad interior de sus sujetos.,Edouard Manet,Claude Monet,Gustave Caillebotte,images/retrato_de_emile_zola.jpeg
El balcón,Edouard Manet,1868-1869,"El balcón" es una obra intrigante que presenta a tres figuras en un balcón parisino. La composición enigmática y la disposición de los personajes han llevado a interpretaciones diversas sobre el significado de la obra. Manet utiliza pinceladas sueltas y colores vibrantes para crear una escena atmosférica y llena de misterio. La obra refleja la habilidad de Manet para fusionar elementos realistas e impresionistas en una narrativa visual única.,Edouard Manet,Claude Monet,Gustave Courbet,images/el_balcon.jpeg
La ejecución de Maximiliano,Edouard Manet,1867-1868,"La ejecución de Maximiliano" es una obra impactante que representa la ejecución del emperador Maximiliano de México. Manet aborda el tema políticamente cargado con una representación directa y conmovedora de la tragedia. La pintura destaca por la composición dinámica y la expresividad de los personajes. Manet utiliza colores oscuros y pinceladas firmes para transmitir la gravedad del evento histórico,Edouard Manet,Claude Monet,Gustave Courbet,images/la_ejecucion_de_maximiliano.jpeg






